Campaign_ID,# of Campaign,perc of Campaigns
4,1560,47.27272727272727
7,926,28.060606060606062
6,474,14.363636363636363
10,106,3.212121212121212
2,83,2.515151515151515
1,65,1.9696969696969697
5,37,1.121212121212121
3,30,0.9090909090909091
9,10,0.30303030303030304
8,9,0.2727272727272727
